,City,Latitude,Longitude,Max Temp,Humidity,Cloudiness,Wind Speed,Country,Date
0,Hanzhong,33.0728,107.0303,59.23,56,4,3.18,CN,1613098800
1,La Ronge,55.1001,-105.2842,-13.97,76,100,10.33,CA,1613098800
2,Souillac,-20.5167,57.5167,78.6,74,87,11.41,MU,1613098800
3,Kibungan,16.695,120.6553,73.96,78,27,4.27,PH,1613098800
4,Provideniya,64.3833,-173.3,-7.96,73,55,19.77,RU,1613098800
5,Bengkulu,-3.8004,102.2655,84.11,74,99,4.18,ID,1613098800
6,Mehamn,71.0357,27.8492,21.78,91,85,8.66,NO,1613098800
7,Pisco,-13.7,-76.2167,73.31,75,36,0.34,PE,1613098800
8,Torbay,47.6666,-52.7314,24.78,95,95,32.39,CA,1613098800
9,Albany,42.6001,-73.9662,13.46,73,63,6.38,US,1613098800
10,Gamba,-2.65,10.0,78.46,87,100,4.94,GA,1613098800
11,Port Alfred,-33.5906,26.891,72.81,92,89,11.23,ZA,1613098800
12,Dwārka,22.2394,68.9678,70.86,71,0,7.67,IN,1613098800
13,Nikolskoye,59.7035,30.7861,1.81,90,87,3.38,RU,1613098800
14,Mataura,-46.1927,168.8643,69.24,53,2,3.51,NZ,1613098800
15,Hermanus,-34.4187,19.2345,72.72,85,65,6.8,ZA,1613098800
16,Castro,-24.7911,-50.0119,60.87,97,91,6.85,BR,1613098800
17,Saint-François,46.4154,3.9054,26.01,90,75,7.72,FR,1613098800
18,Arraial do Cabo,-22.9661,-42.0278,76.33,91,69,13.53,BR,1613098800
19,Lapua,62.9693,23.0088,6.01,89,8,3.96,FI,1613098800
20,Jamestown,42.097,-79.2353,10.35,86,44,5.48,US,1613098800
21,Iqaluit,63.7506,-68.5145,-3.95,82,46,11.77,CA,1613098800
22,Mustla,58.2343,25.8584,4.39,90,74,5.06,EE,1613098800
23,Fukuechō,32.6881,128.8419,55.76,65,87,8.32,JP,1613098800
24,Chui,-33.6971,-53.4616,70.36,91,100,11.88,UY,1613098800
25,Nynäshamn,58.9034,17.9479,13.28,77,12,11.61,SE,1613098800
26,Bredasdorp,-34.5322,20.0403,71.15,90,66,2.68,ZA,1613098800
27,Punta Arenas,-53.15,-70.9167,45.99,72,26,11.27,CL,1613098800
28,Hithadhoo,-0.6,73.0833,81.48,78,60,12.3,MV,1613098800
29,Auki,-8.7676,160.7034,81.0,84,100,11.81,SB,1613098800
30,La Asuncion,11.0333,-63.8628,75.92,83,84,15.43,VE,1613098800
31,Long Xuyen,10.3833,105.4167,80.28,84,47,6.91,VN,1613098800
32,Panzhihua,26.5851,101.7128,62.17,63,0,0.31,CN,1613098800
33,Yulara,-25.2406,130.9889,84.72,79,86,3.83,AU,1613098800
34,Marovoay,-16.1,46.6333,73.85,96,66,5.06,MG,1613098800
35,Honiara,-9.4333,159.95,78.53,86,100,5.79,SB,1613098800
36,Yellowknife,62.456,-114.3525,-10.66,82,1,6.46,CA,1613098800
37,Gigmoto,13.7796,124.39,82.98,75,22,3.96,PH,1613098800
38,Tuktoyaktuk,69.4541,-133.0374,-1.91,86,69,6.24,CA,1613098800
39,Palana,59.1167,159.9667,6.93,89,0,17.72,RU,1613098800
40,Egvekinot,66.3167,-179.1667,-20.45,84,0,10.78,RU,1613098800
41,Ahipara,-35.1667,173.1667,69.57,56,2,9.6,NZ,1613098800
42,Tasiilaq,65.6145,-37.6368,19.92,82,87,16.73,GL,1613098800
43,Talnakh,69.4865,88.3972,-16.15,87,96,2.24,RU,1613098800
44,Yatou,37.15,122.3833,48.78,73,55,9.71,CN,1613098800
45,Ushuaia,-54.8,-68.3,45.61,77,44,2.46,AR,1613098800
46,Bluff,-46.6,168.3333,58.55,67,20,7.36,NZ,1613098800
47,Kiunga,-6.1219,141.2906,89.92,67,100,4.45,PG,1613098800
48,Lüderitz,-26.6481,15.1594,64.9,86,27,0.63,NA,1613098800
49,Qaanaaq,77.484,-69.3632,6.89,70,0,7.56,GL,1613098800
50,Chaihe,44.7667,129.7,31.44,95,100,5.26,CN,1613098800
51,Puerto Ayora,-0.7393,-90.3518,76.06,94,80,8.59,EC,1613098800
52,Mahon,39.8885,4.2658,56.07,82,45,5.26,ES,1613098800
53,Sitka,57.0531,-135.33,24.57,56,1,9.19,US,1613098800
54,Bathsheba,13.2167,-59.5167,77.67,70,29,20.69,BB,1613098800
55,Aksarka,66.5606,67.7975,-23.89,84,98,3.24,RU,1613098800
56,Pampa,35.5362,-100.9599,25.11,79,1,14.81,US,1613098800
57,Cabo San Lucas,22.8909,-109.9124,65.35,73,11,7.63,MX,1613098800
58,Ponta do Sol,32.6667,-17.1,62.35,79,22,4.12,PT,1613098800
59,Taltal,-25.4,-70.4833,66.16,73,0,2.19,CL,1613098800
60,Cockburn Town,21.4612,-71.1419,76.86,73,20,21.74,TC,1613098800
61,Champerico,14.3,-91.9167,79.0,76,29,6.93,GT,1613098800
62,Chennai,13.0878,80.2785,73.26,69,69,4.05,IN,1613098800
63,San Patricio,28.017,-97.5169,43.7,89,95,14.54,US,1613098800
64,Port Keats,-14.25,129.55,87.98,71,56,9.73,AU,1613098800
65,Kruisfontein,-34.0033,24.7314,73.72,82,100,0.87,ZA,1613098800
66,Casa Blanca,18.15,-97.1333,75.63,52,46,3.27,MX,1613098800
67,Rocha,-34.4833,-54.3333,67.82,92,100,8.9,UY,1613098800
68,Tonantins,-2.8731,-67.8022,78.1,74,76,2.77,BR,1613098800
69,Tromsø,69.6496,18.957,32.38,94,95,32.73,NO,1613098800
70,Chokurdakh,70.6333,147.9167,-18.29,77,46,2.91,RU,1613098800
71,Chester,40.1254,-75.8749,23.9,78,49,7.83,US,1613098800
72,Poum,-20.2333,164.0167,79.74,73,1,9.69,NC,1613098800
73,Mariental,-24.6333,17.9667,74.12,53,72,5.88,NA,1613098800
74,Bubaque,11.2833,-15.8333,77.65,64,24,11.95,GW,1613098800
75,Nantucket,41.2835,-70.0995,29.41,72,49,19.93,US,1613098800
76,Warrnambool,-38.3833,142.4833,64.53,65,91,14.7,AU,1613098800
77,Mahébourg,-20.4081,57.7,78.98,74,87,13.29,MU,1613098800
78,Faya,18.3851,42.4509,52.07,60,41,0.63,SA,1613098800
79,Shellbrook,53.2168,-106.4011,-19.61,75,95,9.66,CA,1613098800
80,Barrow,71.2906,-156.7887,-36.87,83,7,3.89,US,1613098800
81,Hervey Bay,-25.2986,152.8535,81.34,51,54,5.39,AU,1613098800
82,Carnarvon,-24.8667,113.6333,85.96,58,84,5.53,AU,1613098800
83,Khatanga,71.9667,102.5,-26.07,86,95,5.86,RU,1613098800
84,Botshabelo,-29.2702,26.7052,65.07,59,75,7.52,ZA,1613098800
85,San Quintín,30.4833,-115.95,59.59,80,0,8.79,MX,1613098800
86,Bethel,41.3712,-73.414,20.17,70,49,6.42,US,1613098800
87,Guarapari,-20.6667,-40.4975,75.79,86,49,7.74,BR,1613098800
88,Esperance,-33.8667,121.9,66.22,59,84,7.11,AU,1613098800
89,Rikitea,-23.1203,-134.9692,79.43,68,87,5.03,PF,1613098800
90,Meulaboh,4.1363,96.1285,84.6,77,73,2.77,ID,1613098800
91,Deputatsky,69.3,139.9,-5.24,83,100,2.15,RU,1613098800
92,College,64.8569,-147.8028,12.43,72,87,4.45,US,1613098800
93,Viedma,-40.8135,-62.9967,68.9,79,0,17.0,AR,1613098800
94,Clyde River,70.4692,-68.5914,2.16,86,75,12.01,CA,1613098800
95,Riyadh,24.6877,46.7219,50.99,42,0,1.39,SA,1613098800
96,Mar del Plata,-38.0023,-57.5575,68.83,89,94,16.13,AR,1613098800
97,Palauig,15.435,119.9045,81.79,77,12,14.18,PH,1613098800
98,Cabedelo,-6.9811,-34.8339,79.52,85,0,11.68,BR,1613098800
99,Kirakira,-10.4544,161.9205,79.93,83,98,8.5,SB,1613098800
100,Thompson,55.7435,-97.8558,-25.76,77,67,4.59,CA,1613098800
101,Vila,42.0304,-8.1588,45.27,98,79,5.32,PT,1613098800
102,Haines Junction,60.7522,-137.5108,-11.4,80,5,0.51,CA,1613098800
103,Kapaa,22.0752,-159.319,73.51,62,9,7.54,US,1613098800
104,Pirovskoye,57.6267,92.2658,-10.25,88,100,10.76,RU,1613098800
105,Antalaha,-14.9003,50.2788,75.85,88,100,4.36,MG,1613098800
106,Avarua,-21.2078,-159.775,82.36,66,38,1.45,CK,1613098800
107,Cidreira,-30.1811,-50.2056,74.48,81,93,11.34,BR,1613098800
108,Hualmay,-11.0964,-77.6139,73.62,73,78,6.04,PE,1613098800
109,East London,-33.0153,27.9116,74.28,84,64,14.34,ZA,1613098800
110,Stein,49.4167,11.0167,10.22,94,0,3.0,DE,1613098800
111,Cape Town,-33.9258,18.4232,69.64,92,48,10.78,ZA,1613098800
112,Shafranovo,53.9667,54.7667,12.63,97,100,3.31,RU,1613098800
113,Loudi,27.7344,111.9944,60.1,83,8,1.77,CN,1613098800
114,Isangel,-19.55,169.2667,84.4,67,83,3.62,VU,1613098800
115,Tessalit,20.1986,1.0114,67.15,20,0,6.64,ML,1613098800
116,Hobart,-42.8794,147.3294,69.66,42,16,11.18,AU,1613098800
117,La Orilla,17.9833,-102.2333,73.76,79,10,4.88,MX,1613098800
118,Beringovskiy,63.05,179.3167,-20.78,85,66,20.11,RU,1613098800
119,Ulladulla,-35.35,150.4667,77.77,60,49,10.96,AU,1613098800
120,Longyearbyen,78.2186,15.6401,3.65,80,69,4.52,SJ,1613098800
121,Busselton,-33.65,115.3333,70.03,56,0,5.53,AU,1613098800
122,Srednekolymsk,67.45,153.6833,-22.68,84,10,4.43,RU,1613098800
123,Lisala,2.15,21.5167,71.1,42,0,1.32,CD,1613098800
124,Nuuk,64.1835,-51.7216,16.57,83,46,10.67,GL,1613098800
125,Touros,-5.1989,-35.4608,80.33,79,21,13.22,BR,1613098800
126,Byron Bay,-28.65,153.6167,80.13,58,51,12.57,AU,1613098800
127,Rocky Mountain House,52.3668,-114.9188,-13.63,72,62,8.41,CA,1613098800
128,Butaritari,3.0707,172.7902,81.39,75,10,11.52,KI,1613098800
129,Shimanovsk,52.0,127.7,23.02,96,100,15.66,RU,1613098800
130,Amapá,1.0,-52.0,72.63,98,47,2.48,BR,1613098800
131,Atuona,-9.8,-139.0333,79.59,74,0,9.91,PF,1613098800
132,Sinnamary,5.3833,-52.95,77.92,85,95,13.02,GF,1613098800
133,Sumenep,-7.0167,113.8667,83.32,80,100,4.76,ID,1613098800
134,Saint-Philippe,-21.3585,55.7679,77.56,72,41,13.51,RE,1613098800
135,Ahmadpur Sial,30.6754,71.7483,61.41,60,87,3.65,PK,1613098800
136,Dingle,10.9995,122.6711,84.74,79,61,0.58,PH,1613098800
137,Upernavik,72.7868,-56.1549,0.64,80,95,8.72,GL,1613098800
138,Tyret’ Pervaya,53.6703,102.3106,-7.31,89,99,6.76,RU,1613098800
139,Great Yarmouth,52.6083,1.7305,30.76,90,24,14.7,GB,1613098800
140,Kodinsk,58.6881,99.1844,-14.28,86,99,4.7,RU,1613098800
141,Sibolga,1.7427,98.7792,86.34,69,85,1.77,ID,1613098800
142,Acarí,-15.4311,-74.6158,73.53,65,18,2.35,PE,1613098800
143,Sayyan,15.1718,44.3244,47.86,50,61,3.11,YE,1613098800
144,Ayan,56.45,138.1667,19.54,95,97,2.66,RU,1613098800
145,Airai,-8.9266,125.4092,74.12,82,67,1.92,TL,1613098800
146,Prymors'k,46.7348,36.3443,43.45,84,98,11.86,UA,1613098800
147,Vila Velha,-20.3297,-40.2925,76.82,85,49,6.78,BR,1613098800
148,Londoko,49.0333,131.9833,16.61,92,99,7.11,RU,1613098800
149,Yermakovskoye,53.2831,92.4003,-13.88,87,25,1.25,RU,1613098800
150,San Vicente,-26.6167,-54.1333,62.85,100,78,2.21,AR,1613098800
151,Marquette,46.5333,-87.6335,4.68,75,98,7.02,US,1613098800
152,Tiarei,-17.5333,-149.3333,84.76,58,73,17.22,PF,1613098800
153,Korla,41.7597,86.1469,37.9,75,84,2.24,CN,1613098800
154,Dhībān,35.0365,40.5167,53.19,62,0,1.05,SY,1613098800
155,Port Elizabeth,-33.918,25.5701,74.5,85,59,4.45,ZA,1613098800
156,Joshīmath,30.5667,79.5667,52.09,33,81,4.18,IN,1613098800
157,Santa Vitória do Palmar,-33.5189,-53.3681,70.61,90,100,11.7,BR,1613098800
158,Flinders,-34.5833,150.8552,83.97,53,22,12.84,AU,1613098800
159,Nānākuli,21.3906,-158.1547,76.39,54,3,0.58,US,1613098800
160,Walvis Bay,-22.9575,14.5053,68.27,85,61,5.55,NA,1613098800
161,Vaini,-21.2,-175.2,83.75,80,87,12.03,TO,1613098800
162,Rassvet,46.8333,40.75,46.99,74,100,14.41,RU,1613098800
163,Vilyuysk,63.7553,121.6247,-16.29,87,49,3.0,RU,1613098800
164,Jeremoabo,-10.075,-38.4808,71.55,81,15,7.9,BR,1613098800
165,Rovaniemi,66.5,25.7167,11.16,90,94,7.92,FI,1613098800
166,Hobyo,5.3505,48.5268,75.79,75,100,14.27,SO,1613098800
167,Lubuagan,17.3548,121.1747,76.41,73,22,2.15,PH,1613098800
168,Elmadağ,39.9208,33.2308,42.3,64,55,8.59,TR,1613098800
169,Marrakesh,31.6315,-8.0083,57.72,86,38,3.18,MA,1613098800
170,Lorengau,-2.0226,147.2712,83.21,75,86,4.38,PG,1613098800
171,Avera,33.194,-82.5271,61.21,94,95,4.74,US,1613098800
172,Bagalkot,16.1833,75.7,71.55,43,56,6.85,IN,1613098800
173,Vostok,46.4856,135.8833,29.03,94,100,3.42,RU,1613098800
174,Kavieng,-2.5744,150.7967,83.23,73,73,3.13,PG,1613098800
175,Verkhnyaya Inta,65.9811,60.3094,-22.14,87,87,1.19,RU,1613098800
176,Tanout,14.9709,8.8879,67.42,21,0,9.44,NE,1613098800
177,Mossamedes,-15.1961,12.1522,72.63,79,70,1.88,AO,1613098800
178,Cap Malheureux,-19.9842,57.6142,79.83,75,99,14.76,MU,1613098800
179,Kaduy,59.2,37.15,-8.34,84,39,4.18,RU,1613098800
180,Iwanai,42.9744,140.5089,37.4,80,10,2.24,JP,1613098800
181,Bhandāra,21.1667,79.65,67.8,46,86,4.88,IN,1613098800
182,Adamantas,36.7333,24.4333,59.07,70,0,12.68,GR,1613098800
183,Beloha,-25.1667,45.05,73.67,82,92,7.05,MG,1613098800
184,Ambovombe,-25.1667,46.0833,74.97,83,100,8.97,MG,1613098800
185,Salalah,17.0151,54.0924,71.38,38,0,6.87,OM,1613098800
186,Tiksi,71.6872,128.8694,-7.37,88,66,6.04,RU,1613098800
187,Leningradskiy,69.3833,178.4167,-14.48,87,100,12.46,RU,1613098800
188,Cherskiy,68.75,161.3,-20.92,82,0,2.42,RU,1613098800
189,Fairbanks,64.8378,-147.7164,12.0,76,94,2.73,US,1613098800
190,Taoudenni,22.6783,-3.9836,66.02,21,0,11.95,ML,1613098800
191,Tuatapere,-46.1333,167.6833,59.65,65,2,8.84,NZ,1613098800
192,Aklavik,68.2191,-135.0107,-7.01,79,69,5.39,CA,1613098800
193,Makat,47.6469,53.3463,33.53,92,46,9.48,KZ,1613098800
194,Opuwo,-18.0607,13.84,65.59,77,93,3.62,NA,1613098800
195,Severo-Kuril'sk,50.6789,156.125,30.13,92,99,4.59,RU,1613098800
196,George Town,5.4112,100.3354,81.54,76,43,5.39,MY,1613098800
197,Diamantino,-14.4086,-56.4461,72.48,93,87,4.38,BR,1613098800
198,Masuguru,-11.3667,38.4167,70.83,94,100,3.96,TZ,1613098800
199,Ancud,-41.8697,-73.8203,53.6,85,21,4.52,CL,1613098800
200,Husavik,66.0449,-17.3389,27.36,89,49,12.62,IS,1613098800
201,Ocampo,21.65,-101.5,58.71,31,0,11.12,MX,1613098800
202,Shache,38.4167,77.2406,43.25,52,0,4.05,CN,1613098800
203,Zholymbet,51.7433,71.7122,-3.03,92,85,3.94,KZ,1613098800
204,Katsuura,35.1333,140.3,54.32,52,100,5.68,JP,1613098800
205,Seydi,39.4816,62.9137,47.39,69,86,10.83,TM,1613098800
206,Pevek,69.7008,170.3133,-21.89,88,71,4.03,RU,1613098800
207,Aripuanã,-9.1667,-60.6333,72.75,97,97,0.56,BR,1613098800
208,Vila Franca do Campo,37.7167,-25.4333,60.73,84,69,25.68,PT,1613098800
209,Quatre Cocos,-20.2078,57.7625,78.93,74,87,11.59,MU,1613098800
210,Lompoc,34.6391,-120.4579,53.6,78,49,6.33,US,1613098800
211,Price,39.5994,-110.8107,38.91,63,61,1.79,US,1613098800
212,Kabalo,-6.05,26.9167,71.4,94,100,1.79,CD,1613098800
213,Ucluelet,48.9329,-125.5528,34.12,68,95,13.2,CA,1613098800
214,Lenggries,47.6833,11.5667,11.86,73,7,2.84,DE,1613098800
215,Kuril'sk,45.2333,147.8833,24.21,94,98,19.17,RU,1613098800
216,Reconquista,-29.15,-59.65,71.74,53,2,4.07,AR,1613098800
217,Potoci,43.4086,17.8786,31.26,58,10,11.07,BA,1613098800
218,Saskylakh,71.9167,114.0833,-13.76,86,100,4.63,RU,1613098800
219,Kaitangata,-46.2817,169.8464,60.06,62,4,8.5,NZ,1613098800
220,Ambilobe,-13.2,49.05,73.29,93,63,2.19,MG,1613098800
221,Karratha,-20.7377,116.8463,86.58,62,24,14.45,AU,1613098800
222,Faanui,-16.4833,-151.75,82.62,65,4,9.15,PF,1613098800
223,Klaksvík,62.2266,-6.589,37.94,76,13,15.84,FO,1613098800
224,Gornyy,55.1153,83.9059,-25.24,85,0,4.16,RU,1613098800
225,Gáldar,28.147,-15.6502,63.21,76,49,8.03,ES,1613098800
226,Qaqortoq,60.7167,-46.0333,36.32,55,87,10.92,GL,1613098800
227,Bud,39.447,-86.1758,17.37,84,93,10.2,US,1613098800
228,Gizo Government Station,-8.103,156.8419,83.05,77,96,8.84,SB,1613098800
229,Korbous,36.8167,10.5687,54.19,68,10,8.21,TN,1613098800
230,Bonavista,48.6499,-53.1147,31.39,96,100,26.66,CA,1613098800
231,Codrington,-38.2667,141.9667,67.66,58,96,12.95,AU,1613098800
232,New Norfolk,-42.7826,147.0587,68.77,52,19,10.04,AU,1613098800
233,Westport,41.1415,-73.3579,23.68,67,49,10.76,US,1613098800
234,Dibulla,11.2725,-73.3091,76.53,70,96,11.25,CO,1613098800
235,Mayo,38.8876,-76.5119,31.68,86,95,12.93,US,1613098800
236,Fortuna,40.5982,-124.1573,49.57,94,95,3.0,US,1613098800
237,Nome,64.5011,-165.4064,3.79,88,95,10.56,US,1613098800
238,Guapí,2.5708,-77.8854,76.35,91,82,2.66,CO,1613098800
239,Nakamura,32.9833,132.9333,56.48,59,100,4.52,JP,1613098800
240,Lata,40.1629,-8.3327,52.77,95,56,4.16,PT,1613098800
241,Dikson,73.5069,80.5464,-14.22,89,100,6.15,RU,1613098800
242,Lebu,-37.6167,-73.65,59.43,91,58,13.62,CL,1613098800
243,Lavrentiya,65.5833,-171.0,-20.49,81,26,13.58,RU,1613098800
244,Kieta,-6.2167,155.6333,81.52,78,100,10.51,PG,1613098800
245,San Policarpo,12.1791,125.5072,82.89,82,27,6.06,PH,1613098800
246,Catu,-12.3531,-38.3789,75.45,77,14,2.48,BR,1613098800
247,Tautira,-17.7333,-149.15,84.6,59,65,17.2,PF,1613098800
248,Promyshlennyy,67.5833,63.9167,-18.83,89,100,4.27,RU,1613098800
249,Sangmélima,2.9333,11.9833,69.87,91,64,3.2,CM,1613098800
250,Saint George,37.1041,-113.5841,58.91,33,48,0.27,US,1613098800
251,Verāval,20.9,70.3667,71.42,38,20,7.56,IN,1613098800
252,Shadrinsk,56.0852,63.6335,-9.62,90,70,5.93,RU,1613098800
253,Jinxiang,27.4327,120.6062,54.05,88,100,9.89,CN,1613098800
254,Zatoka,46.0725,30.4654,28.11,99,87,28.59,UA,1613098800
255,City of San Pedro,14.35,121.0167,84.33,67,18,7.25,PH,1613098800
256,Arroyo de la Encomienda,41.6096,-4.7969,50.05,93,95,15.68,ES,1613098800
257,Māngrol,21.1167,70.1167,70.29,45,3,7.63,IN,1613098800
258,Tommot,58.9564,126.2925,3.69,90,100,3.29,RU,1613098800
259,Cayambe,0.05,-78.1333,55.09,88,87,0.29,EC,1613098800
260,Norman Wells,65.282,-126.8329,-1.16,78,10,6.67,CA,1613098800
261,Griffith,41.5284,-87.4237,16.77,82,95,6.2,US,1613098800
262,Saint-Pierre,-21.3393,55.4781,78.35,69,31,11.5,RE,1613098800
263,Troitskoye,52.9821,84.6757,-17.54,85,1,4.03,RU,1613098800
264,Bukachacha,52.9833,116.9167,10.2,89,100,8.99,RU,1613098800
265,Ribeira Grande,38.5167,-28.7,60.75,80,99,24.34,PT,1613098800
266,Miura,35.14,139.6192,50.9,55,100,7.81,JP,1613098800
267,Hirara,24.8,125.2833,70.18,81,59,26.46,JP,1613098800
268,Hilo,19.7297,-155.09,72.75,64,61,6.78,US,1613098800
269,Chopda,21.25,75.3,73.0,25,67,4.5,IN,1613098800
270,Laguna,38.421,-121.4238,52.27,88,95,12.03,US,1613098800
271,Puerto Escondido,15.85,-97.0667,77.65,76,1,5.53,MX,1613098800
272,Bend,44.0582,-121.3153,15.67,94,95,8.77,US,1613098800
273,Burnie,-41.0667,145.9167,66.43,71,53,17.83,AU,1613098800
274,Härnösand,62.6323,17.9379,26.62,82,95,15.1,SE,1613098800
275,Mt. Pleasant,32.7941,-79.8626,61.03,97,87,6.82,US,1613098800
276,Canutama,-6.5339,-64.3831,73.31,92,98,2.68,BR,1613098800
277,Coquimbo,-29.9533,-71.3436,62.55,88,15,2.35,CL,1613098800
278,Korem,12.5058,39.5228,47.59,69,89,1.23,ET,1613098800
279,Port Hedland,-20.3167,118.5667,86.34,67,46,13.73,AU,1613098800
280,Pontianak,-0.0333,109.3333,86.04,76,47,3.85,ID,1613098800
281,Saint Paul Harbor,57.79,-152.4072,38.46,91,95,33.91,US,1613098800
282,Stephenville,32.2207,-98.2023,31.55,82,56,11.16,US,1613098800
283,Romanovo,52.6182,81.2271,-23.55,85,44,4.32,RU,1613098800
284,Tirumullaivāsal,11.2333,79.8333,73.94,68,100,8.37,IN,1613098800
285,Whitehorse,60.7161,-135.0538,-5.75,73,1,7.58,CA,1613098800
286,Kumul,42.8,93.45,34.25,74,69,8.97,CN,1613098800
287,Klyuchi,52.2667,79.1667,-18.87,87,61,4.27,RU,1613098800
288,Texarkana,33.4251,-94.0477,34.83,82,95,5.5,US,1613098800
289,Caconda,-13.7333,15.0667,56.37,70,100,5.5,AO,1613098800
290,Hadejia,12.4498,10.0444,67.42,24,10,8.46,NG,1613098800
291,Sandakan,5.8402,118.1179,84.04,73,43,5.88,MY,1613098800
292,Mumford,5.2618,-0.759,81.37,84,42,9.78,GH,1613098800
293,Witu,-2.3889,40.4382,75.87,87,65,2.53,KE,1613098800
294,Sakaiminato,35.55,133.2333,50.5,55,87,5.1,JP,1613098800
295,Mikhaylovka,50.06,43.2379,34.34,95,97,11.34,RU,1613098800
296,Assiniboia,49.6334,-105.9845,-23.89,74,100,11.56,CA,1613098800
297,Znamenskoye,57.1281,73.8282,-26.16,86,24,4.54,RU,1613098800
298,Mora,11.0461,14.1401,61.0,31,2,3.85,CM,1613098800
299,Saint-Augustin,51.226,-58.6502,26.8,94,100,15.84,CA,1613098800
300,Udachny,66.4167,112.4,-19.97,84,35,3.65,RU,1613098800
301,Coria,39.9879,-6.5377,52.29,94,96,9.55,ES,1613098800
302,Ranong,9.9658,98.6348,85.14,72,10,3.18,TH,1613098800
303,Maceió,-9.6658,-35.7353,78.39,83,46,9.04,BR,1613098800
304,Maïné Soroa,13.2114,12.0241,67.8,24,0,8.93,NE,1613098800
305,Noumea,-22.2763,166.4572,82.13,71,5,6.53,NC,1613098800
306,Hong Kong,22.2855,114.1577,65.12,66,0,4.0,HK,1613098800
307,Kiryat Shmona,33.2073,35.5721,53.42,58,0,2.75,IL,1613098800
308,Kapoeta,4.7717,33.5903,82.71,29,78,7.07,SS,1613098800
309,Nakama,33.8167,130.7,56.59,63,99,6.73,JP,1613098800
310,Ixtapa,20.7,-105.2,66.0,78,62,1.59,MX,1613098800
311,Coracora,-15.0333,-73.7833,50.32,77,90,2.93,PE,1613098800
312,Jardim do Seridó,-6.5844,-36.7744,78.37,70,7,13.44,BR,1613098800
313,Malmyzh,56.5205,50.6818,-0.63,92,96,7.45,RU,1613098800
314,Tabuk,17.4189,121.4443,76.17,83,76,6.53,PH,1613098800
315,Myitkyina,25.3833,97.4,72.52,51,0,2.68,MM,1613098800
316,Arman',59.7,150.1667,20.03,89,0,3.83,RU,1613098800
317,Kauhajoki,62.4333,22.1833,8.91,89,0,4.14,FI,1613098800
318,Tucumã,-0.1833,-50.05,77.34,90,99,7.92,BR,1613098800
319,Port-Gentil,-0.7193,8.7815,81.37,82,100,10.85,GA,1613098800
320,Sola,-13.8833,167.55,82.72,73,40,5.57,VU,1613098800
321,Bambous Virieux,-20.3428,57.7575,78.96,75,87,13.29,MU,1613098800
322,Xinzhi,36.4989,111.7047,53.01,41,20,0.96,CN,1613098800
323,Masumbwe,-3.6333,32.1833,65.01,93,94,0.76,TZ,1613098800
324,Varhaug,58.6147,5.6457,21.25,69,0,6.38,NO,1613098800
325,Formosa do Rio Preto,-11.0483,-45.1931,71.94,88,64,1.12,BR,1613098800
326,Bandarbeyla,9.4942,50.8122,72.09,76,74,11.63,SO,1613098800
327,Nālūt,30.3333,10.85,53.92,44,0,10.69,LY,1613098800
328,Dhidhdhoo,6.8833,73.1,80.17,65,4,8.16,MV,1613098800
329,Cullinan,-25.6709,28.5236,59.72,91,1,12.19,ZA,1613098800
330,Narsaq,60.9167,-46.05,36.09,55,87,14.18,GL,1613098800
331,Verkhnetulomskiy,68.6073,31.7962,0.19,84,30,4.68,RU,1613098800
332,Ketchikan,55.3422,-131.6461,20.5,53,1,7.78,US,1613098800
333,Inongo,-1.95,18.2667,77.2,76,74,5.1,CD,1613098800
334,Shenjiamen,29.9576,122.298,50.99,91,100,11.01,CN,1613098800
335,Hofn,64.2539,-15.2082,41.04,68,100,19.04,IS,1613098800
336,Almonte,37.2647,-6.5167,56.62,93,91,3.44,ES,1613098800
337,Río Gallegos,-51.6226,-69.2181,52.05,46,0,18.48,AR,1613098800
338,Dunedin,-45.8742,170.5036,58.19,66,10,11.97,NZ,1613098800
339,Rancagua,-34.1708,-70.7444,67.37,67,6,2.53,CL,1613098800
340,Alofi,-19.0595,-169.9187,83.75,73,69,14.05,NU,1613098800
341,San Miguel de Cozumel,20.5083,-86.9458,78.93,89,11,13.09,MX,1613098800
342,Urambo,-5.0667,32.05,64.11,91,99,1.9,TZ,1613098800
343,Sukhothai,17.25,99.6667,82.83,56,1,1.45,TH,1613098800
344,Yerbogachën,61.2767,108.0108,-15.66,86,7,3.8,RU,1613098800
345,Geraldton,-28.7667,114.6,82.26,36,0,11.74,AU,1613098800
346,Honningsvåg,70.9821,25.9704,28.15,93,96,18.66,NO,1613098800
347,Araouane,18.9048,-3.5265,70.92,16,27,10.83,ML,1613098800
348,Nanortalik,60.1432,-45.2371,28.54,89,100,12.28,GL,1613098800
349,Srandakan,-7.9386,110.2506,83.91,76,67,7.23,ID,1613098800
350,Pirapora,-17.345,-44.9419,71.42,89,95,2.73,BR,1613098800
351,Ovsyanka,55.9575,92.5519,-9.31,74,49,7.2,RU,1613098800
352,Brae,60.3964,-1.353,35.6,81,87,22.41,GB,1613098800
353,Azanka,58.0401,64.7893,-15.52,89,63,2.91,RU,1613098800
354,Le Port,-20.9373,55.2919,78.71,68,86,5.99,RE,1613098800
355,Chulym,55.0997,80.9572,-27.99,83,0,5.14,RU,1613098800
356,Buritis,-15.6178,-46.4233,71.56,89,95,3.22,BR,1613098800
357,Jalu,29.0331,21.5482,54.46,79,0,9.55,LY,1613098800
358,Huejuquilla el Alto,22.6,-103.8667,55.74,39,0,4.09,MX,1613098800
359,Saldanha,-33.0117,17.9442,66.74,91,7,15.5,ZA,1613098800
360,Constitución,-35.3333,-72.4167,59.85,89,83,6.78,CL,1613098800
361,Puro,12.4841,123.3827,83.01,72,10,4.03,PH,1613098800
362,Santa Maria,-29.6842,-53.8069,68.56,92,84,3.33,BR,1613098800
363,Manali,13.1667,80.2667,73.04,70,69,4.9,IN,1613098800
364,Apastovo,55.2029,48.5109,4.23,86,87,4.63,RU,1613098800
365,La Rioja,42.25,-2.5,46.29,86,69,8.41,ES,1613098800
366,Northam,51.0333,-4.2167,35.82,80,100,24.49,GB,1613098800
367,Tubualá,9.5167,-79.0333,79.57,70,34,11.25,PA,1613098800
368,Nador,35.174,-2.9287,58.1,68,7,3.71,MA,1613098800
369,Kozhva,65.1073,57.0459,-19.55,88,96,3.02,RU,1613098800
370,Puerto Quijarro,-17.7833,-57.7667,69.73,94,100,1.72,BO,1613098800
371,Sulęcin,52.4443,15.1168,16.25,87,20,3.74,PL,1613098800
372,Puri,19.8,85.85,75.33,77,44,1.83,IN,1613098800
373,Bagadó,5.4116,-76.4152,75.58,89,85,1.68,CO,1613098800
374,Laas,46.6166,10.7002,19.42,66,18,3.62,IT,1613098800
375,Saryozek,44.3583,77.9753,36.37,88,100,4.41,KZ,1613098800
376,Labuhan,-6.8844,112.2051,82.71,81,97,6.78,ID,1613098800
377,Karangampel,-6.4622,108.4519,83.44,80,100,6.73,ID,1613098800
378,Panabá,21.2833,-88.2667,75.85,75,31,8.03,MX,1613098800
379,Suluktu,39.9337,69.57,42.6,72,37,6.96,KG,1613098800
380,Christchurch,-43.5333,172.6333,62.38,62,58,11.95,NZ,1613098800
381,Villacarrillo,38.1156,-3.0848,50.67,98,99,2.73,ES,1613098800
382,Miquelon,47.0975,-56.3814,22.86,97,100,34.99,PM,1613098800
383,Sainte-Marie,-20.8968,55.5496,77.74,70,79,13.91,RE,1613098800
384,Te Anau,-45.4167,167.7167,67.91,43,5,3.0,NZ,1613098800
385,Buraidah,26.326,43.975,58.53,64,12,5.79,SA,1613098800
386,Sungai Padi,6.0851,101.8766,83.14,74,51,3.27,TH,1613098800
387,Port Blair,11.6667,92.75,81.34,69,59,13.8,IN,1613098800
388,Vardø,70.3705,31.1107,22.06,96,78,18.88,NO,1613098800
389,Tura,25.5198,90.2201,73.04,41,26,2.66,IN,1613098800
390,Sarti,40.1,23.9833,51.28,52,13,13.06,GR,1613098800
391,Marawi,7.9986,124.2928,79.18,79,57,4.0,PH,1613098800
392,Half Moon Bay,37.4636,-122.4286,54.12,94,95,12.71,US,1613098800
393,Ondo,7.1,4.8333,75.29,94,98,1.25,NG,1613098800
394,Matara,5.9485,80.5353,78.62,82,75,3.83,LK,1613098800
395,Knysna,-34.0363,23.0471,72.48,92,69,1.74,ZA,1613098800
396,Kayasula,44.325,45.0,41.54,92,12,7.99,RU,1613098800
397,Kabare,-2.4683,28.8242,63.23,83,99,1.68,CD,1613098800
398,Ola,59.5833,151.2833,18.95,89,0,5.59,RU,1613098800
399,Gunnedah,-30.9833,150.25,88.09,46,50,16.08,AU,1613098800
400,Teteven,42.9167,24.2667,24.49,86,75,10.58,BG,1613098800
401,Ørje,59.4802,11.6602,11.79,83,0,5.01,NO,1613098800
402,Saint-Paul,-21.0096,55.2707,78.58,77,97,2.89,RE,1613098800
403,Chicama,-7.8447,-79.1469,75.79,66,82,4.21,PE,1613098800
404,Aquitania,5.5197,-72.8875,49.75,97,88,1.25,CO,1613098800
405,Ilulissat,69.2167,-51.1,2.48,77,50,6.96,GL,1613098800
406,Peleduy,59.6289,112.7406,-4.97,86,100,0.72,RU,1613098800
407,Rondonópolis,-16.4708,-54.6356,74.12,92,100,5.39,BR,1613098800
408,Juba,4.8517,31.5825,80.71,28,60,2.19,SS,1613098800
409,Raymond Terrace,-32.75,151.75,92.28,45,49,7.43,AU,1613098800
410,Hay River,60.8156,-115.7999,-7.8,80,39,7.07,CA,1613098800
411,Oddur,4.1213,43.8894,65.86,92,63,14.83,SO,1613098800
412,Misratah,32.3754,15.0925,57.45,70,0,7.72,LY,1613098800
413,Evansville,37.9748,-87.5558,24.87,83,95,10.02,US,1613098800
414,Raymond,43.9015,-70.4703,11.26,73,33,4.85,US,1613098800
415,Batticaloa,7.7102,81.6924,73.22,80,99,7.67,LK,1613098800
416,Kayes,14.0,-11.0,78.93,17,33,5.37,ML,1613098800
417,Buala,-8.145,159.5921,80.13,84,100,11.14,SB,1613098800
418,Pangnirtung,66.1451,-65.7125,-12.39,82,47,0.27,CA,1613098800
419,Porto-Novo,6.4965,2.6036,82.45,85,55,6.58,BJ,1613098800
420,Fuxin,42.0156,121.6589,44.53,68,17,5.48,CN,1613098800
421,Kloulklubed,7.0419,134.2556,84.43,74,84,10.11,PW,1613098800
422,Tawang Town,27.5833,91.8667,46.62,69,0,2.91,IN,1613098800
423,General Pico,-35.6566,-63.7568,74.71,46,25,9.6,AR,1613098800
424,Pecos,31.4229,-103.4932,45.16,68,46,12.08,US,1613098800
425,Gold Coast,-28.0,153.4333,79.27,59,37,10.54,AU,1613098800
426,Wajir,1.7471,40.0573,74.66,74,6,8.9,KE,1613098800
427,Omboué,-1.5746,9.2618,78.71,88,100,5.55,GA,1613098800
428,Liverpool,53.4106,-2.9779,30.34,82,90,15.55,GB,1613098800
429,Toyo,10.7333,125.0167,86.04,74,0,3.42,PH,1613098800
430,Nuristan,35.3,70.8333,17.58,56,36,9.4,AF,1613098800
431,Havre-St-Pierre,50.2334,-63.5986,24.6,90,95,13.13,CA,1613098800
432,Tacuarembó,-31.7333,-55.9833,65.5,93,93,3.49,UY,1613098800
433,Yar-Sale,66.8333,70.8333,-19.19,87,90,7.63,RU,1613098800
434,Santa Cruz de Barahona,18.2085,-71.1008,75.56,74,9,7.29,DO,1613098800
435,Andenes,69.3143,16.1194,35.44,87,100,43.02,NO,1613098800
436,Ratnagiri,16.9833,73.3,73.81,41,63,6.33,IN,1613098800
437,Dordrecht,51.81,4.6736,16.32,86,12,9.24,NL,1613098800
438,Khandyga,62.6667,135.6,12.13,89,10,3.83,RU,1613098800
439,Bārmer,25.75,71.3833,66.61,25,87,5.88,IN,1613098800
440,Baharly,38.4362,57.4316,48.9,58,48,1.45,TM,1613098800
441,Creel,27.75,-107.6333,43.09,61,46,6.76,MX,1613098800
442,Coahuayana Viejo,18.7333,-103.6833,70.74,77,15,1.54,MX,1613098800
443,Canindé,-4.3589,-39.3117,75.81,83,39,1.41,BR,1613098800
444,Kailua,21.4022,-157.7394,74.95,64,28,11.01,US,1613098800
445,Zhaodong,46.0833,125.9833,31.53,88,0,12.62,CN,1613098800
446,Samaná,19.2056,-69.3369,74.73,82,21,9.26,DO,1613098800
447,Harstad,68.799,16.5293,31.89,89,82,31.25,NO,1613098800
448,Orlik,52.5178,99.825,-12.59,77,40,1.95,RU,1613098800
449,Krasnolesnyy,51.8807,39.5877,30.0,96,95,12.86,RU,1613098800
450,Port Lincoln,-34.7333,135.8667,66.63,60,94,12.24,AU,1613098800
451,Benguela,-12.5763,13.4055,73.67,81,99,3.02,AO,1613098800
452,Beni,0.5,29.4667,66.65,61,68,2.33,CD,1613098800
453,Vermillion,42.7794,-96.9292,-3.57,85,92,5.08,US,1613098800
454,Guerrero Negro,27.9769,-114.0611,61.81,75,0,15.37,MX,1613098800
455,Biak,-0.9131,122.8766,83.35,73,98,2.46,ID,1613098800
456,Savannakhet,16.566,104.751,76.35,54,42,10.63,LA,1613098800
457,Pacific Grove,36.6177,-121.9166,54.41,85,95,5.86,US,1613098800
458,Dzaoudzi,-12.7887,45.2699,82.2,78,78,10.96,YT,1613098800
459,Florence,43.7667,11.25,44.2,72,87,6.93,IT,1613098800
460,Takaka,-40.85,172.8,66.42,52,14,6.69,NZ,1613098800
461,Nurota,40.5614,65.6886,47.91,61,85,4.74,UZ,1613098800
462,Somerset,40.5668,-74.5496,25.79,71,49,5.86,US,1613098800
463,Zyryanka,65.75,150.85,-14.57,88,55,2.13,RU,1613098800
464,Grindavik,63.8424,-22.4338,40.55,80,87,35.93,IS,1613098800
465,San Cristobal,7.7669,-72.225,66.79,85,63,1.68,VE,1613098800
466,Adrar,20.5022,-10.0711,66.42,20,7,9.64,MR,1613098800
467,São José da Coroa Grande,-8.8978,-35.1478,78.15,81,10,7.31,BR,1613098800
468,Waipawa,-41.4122,175.5153,63.3,72,61,9.13,NZ,1613098800
469,Portobelo,9.55,-79.65,76.26,73,74,9.24,PA,1613098800
470,Sittwe,20.15,92.9,71.83,51,61,6.51,MM,1613098800
471,Vestmannaeyjar,63.4427,-20.2734,41.14,73,100,38.61,IS,1613098800
472,Buchanan,5.8808,-10.0467,78.85,90,30,4.92,LR,1613098800
473,Lagoa,39.05,-27.9833,58.62,87,100,23.87,PT,1613098800
474,Ternate,0.8,127.4,85.55,74,96,1.99,ID,1613098800
475,Natal,-5.795,-35.2094,80.15,81,25,10.54,BR,1613098800
476,Vao,-22.6667,167.4833,77.25,78,10,5.26,NC,1613098800
477,Glyadyanskoye,54.9075,65.0883,-7.46,90,61,6.71,RU,1613098800
478,Okhotsk,59.3833,143.3,18.86,90,100,5.68,RU,1613098800
479,Boa Vista,2.8197,-60.6733,81.59,63,8,10.49,BR,1613098800
480,Alugan,12.2188,125.4808,83.37,81,29,5.55,PH,1613098800
481,Ushtobe,45.2514,77.9838,24.89,98,100,5.03,KZ,1613098800
482,Kavaratti,10.5669,72.642,81.64,58,27,7.25,IN,1613098800
483,Jinchang,38.4953,102.1739,41.18,64,86,6.08,CN,1613098800
484,Matagami,49.7502,-77.6328,-8.18,83,95,8.75,CA,1613098800
485,Voinka,45.8699,33.9914,51.01,57,100,6.76,UA,1613098800
486,Gloucester,51.8657,-2.2431,28.36,83,91,14.18,GB,1613098800
487,Atambua,-9.1061,124.8925,83.97,73,60,4.05,ID,1613098800
488,Chadiza,-14.0678,32.4392,65.71,97,96,3.78,ZM,1613098800
489,Sobolevo,54.4299,31.8996,5.83,94,100,19.55,RU,1613098800
490,Esim,4.8699,-2.2405,80.42,84,16,9.01,GH,1613098800
491,Sistranda,63.7256,8.834,32.07,77,54,22.1,NO,1613098800
492,Maturin,9.75,-63.1767,72.43,87,43,6.73,VE,1613098800
493,Faro,37.0194,-7.9322,58.89,94,69,7.16,PT,1613098800
494,Mogadishu,2.0371,45.3438,75.94,84,66,15.61,SO,1613098800
495,Fidenza,44.864,10.0667,39.36,75,98,10.83,IT,1613098800
496,Takoradze,4.8845,-1.7554,79.99,87,89,10.56,GH,1613098800
497,Vostochnyy,55.8167,37.8667,5.29,87,95,10.4,RU,1613098800
498,Mandera,3.9366,41.867,74.32,69,61,6.38,KE,1613098800
499,Vitim,59.4511,112.5578,-4.77,86,100,0.96,RU,1613098800
500,Ranau,5.9538,116.6641,83.75,66,54,0.74,MY,1613098800
501,Mindelo,16.8901,-24.9804,69.01,80,38,19.64,CV,1613098800
502,La Palma,33.8464,-118.0467,59.31,67,63,5.66,US,1613098800
503,Nouadhibou,20.931,-17.0347,64.09,76,0,23.76,MR,1613098800
504,Naro Moru,-0.1676,37.0213,55.31,90,98,0.65,KE,1613098800
505,Ifakara,-8.1333,36.6833,71.6,88,100,1.36,TZ,1613098800
506,Necochea,-38.5473,-58.7368,67.26,87,85,13.44,AR,1613098800
507,Cayenne,4.9333,-52.3333,77.23,94,80,12.91,GF,1613098800
508,Mackay,-21.15,149.2,82.29,58,46,10.63,AU,1613098800
509,Alice Springs,-23.7,133.8833,94.46,41,9,15.75,AU,1613098800
510,Copperas Cove,31.1241,-97.9031,36.34,85,94,11.12,US,1613098800
511,Belaya Gora,68.5333,146.4167,-15.27,88,74,3.51,RU,1613098800
512,Severo-Yeniseyskiy,60.3725,93.0408,-17.32,88,100,8.43,RU,1613098800
513,Acajutla,13.5928,-89.8275,78.71,69,4,5.66,SV,1613098800
514,Sheksna,59.21,38.5107,-8.45,84,45,5.55,RU,1613098800
515,Dalnerechensk,45.9339,133.7225,29.5,94,100,4.41,RU,1613098800
516,Uppsala County,60.0,17.75,14.27,89,79,6.08,SE,1613098800
517,Shimoda,34.6667,138.95,55.24,63,87,9.69,JP,1613098800
518,Saltpond,5.2091,-1.0606,80.35,86,44,9.04,GH,1613098800
519,Sikonge,-5.6333,32.7667,64.36,95,98,0.92,TZ,1613098800
520,Halifax,44.6453,-63.5724,14.68,83,59,10.25,CA,1613098800
521,Neiafu,-18.65,-173.9833,82.81,83,69,11.88,TO,1613098800
522,Inyonga,-6.7167,32.0667,64.02,97,100,2.64,TZ,1613098800
523,Pozo Colorado,-23.4923,-58.7972,75.76,59,53,1.99,PY,1613098800
524,Capreol,46.706,-80.9225,-8.99,69,1,4.7,CA,1613098800
525,Gachsaran,30.3586,50.7981,53.11,65,0,1.54,IR,1613098800
526,Mount Isa,-20.7333,139.5,94.21,43,53,9.57,AU,1613098800
527,Olinda,-8.0089,-34.8553,79.9,73,60,10.16,BR,1613098800
528,Chacabuco,-34.6417,-60.4739,65.8,89,65,7.34,AR,1613098800
529,Zhezkazgan,47.8043,67.7144,7.12,88,90,6.98,KZ,1613098800
530,Grand-Santi,4.25,-54.3833,71.56,97,40,2.04,GF,1613098800
531,Kasongo-Lunda,-6.4667,16.8167,70.99,88,82,0.94,CD,1613098800
532,Maragogi,-9.0122,-35.2225,78.01,81,21,7.27,BR,1613098800
533,Kishanganj,26.1167,87.9333,70.99,52,0,1.45,IN,1613098800
534,Kem',64.9555,34.5793,-7.76,91,92,5.64,RU,1613098800
535,Tomatlán,19.9333,-105.25,67.62,75,0,2.73,MX,1613098800
536,Lovozero,68.005,35.0117,2.8,84,61,2.77,RU,1613098800
537,Itoman,26.1247,127.6694,66.85,84,83,30.2,JP,1613098800
538,Marathon,44.9,-89.7668,1.17,77,95,6.08,US,1613098800
539,Mizdah,31.4451,12.9801,49.71,65,0,4.59,LY,1613098800
540,São Filipe,14.8961,-24.4956,71.71,69,1,9.33,CV,1613098800
541,Cobadin,44.0833,28.2167,27.61,99,95,13.22,RO,1613098800
542,São Paulo de Olivença,-3.3783,-68.8725,77.67,86,89,1.92,BR,1613098800
543,Richards Bay,-28.783,32.0377,73.83,91,64,3.31,ZA,1613098800
544,Chernyshevskiy,63.0128,112.4714,-19.03,87,80,3.51,RU,1613098800
545,Wahiawā,21.5028,-158.0236,75.0,59,33,2.57,US,1613098800
546,Mikuni,36.2171,136.1519,48.22,66,87,1.9,JP,1613098800
547,Stony Mountain,50.0864,-97.2196,-23.57,73,68,6.82,CA,1613098800
548,Sangar,63.9242,127.4739,9.91,95,100,5.21,RU,1613098800
549,Zhigansk,66.7697,123.3711,-5.35,91,89,3.96,RU,1613098800
550,Quijingue,-10.7525,-39.2092,72.3,81,21,7.14,BR,1613098800
551,Douglas,41.3,-96.167,-1.16,82,93,9.4,US,1613098800
552,Saint Anthony,45.0205,-93.218,-5.37,75,95,5.28,US,1613098800
553,Snezhnogorsk,69.1933,33.2531,-0.04,85,43,10.74,RU,1613098800
554,Zheshart,62.0731,49.5733,-6.88,91,100,4.5,RU,1613098800
555,Saint-Louis,16.3333,-15.0,75.27,16,0,11.12,SN,1613098800
556,Naze,28.3667,129.4833,62.44,82,87,26.6,JP,1613098800
557,North Bend,43.4065,-124.2243,49.68,92,95,8.61,US,1613098800
558,Ostrovnoy,68.0531,39.5131,9.86,92,100,5.01,RU,1613098800
559,Saint Paul,44.9444,-93.0933,-4.27,81,95,5.93,US,1613098800
560,Kaeo,-35.1,173.7833,72.52,47,0,5.93,NZ,1613098800
561,Killybegs,54.6333,-8.45,34.43,88,100,25.17,IE,1613098800
562,Chapleau,47.8405,-83.4034,-12.69,87,36,4.92,CA,1613098800
563,Ciudad Guayana,8.3533,-62.6528,77.49,77,26,9.31,VE,1613098800
564,Williams Lake,52.1415,-122.1445,-13.85,77,28,2.66,CA,1613098800
565,Lenina,46.0667,39.7833,46.87,80,100,8.28,RU,1613098800
566,Fort Nelson,58.8053,-122.7002,-6.02,74,38,1.68,CA,1613098800
567,Hamilton,39.1834,-84.5333,20.91,83,100,8.1,US,1613098800
568,Rawson,-43.3002,-65.1023,76.12,44,52,23.76,AR,1613098800
569,Praia da Vitória,38.7333,-27.0667,60.93,92,69,36.53,PT,1613098800
570,Harker Heights,31.0835,-97.6597,29.95,90,85,8.79,US,1613098800
571,Akdepe,42.0551,59.3788,34.57,80,49,9.95,TM,1613098800
572,Fare,-16.7,-151.0167,82.81,65,2,11.79,PF,1613098800
573,Praia,14.9215,-23.5087,69.55,75,0,14.61,CV,1613098800
574,Luís Correia,-2.8792,-41.6669,80.02,84,95,13.11,BR,1613098800
